{
  "candidates": {
    "logistic_regression": {
      "accuracy": 0.48333333333333334,
      "precision": 0.05263157894736842,
      "recall": 0.07142857142857142,
      "f1_score": 0.06060606060606061,
      "roc_auc": 0.24378881987577636,
      "pr_auc": 0.16184078104470315
    },
    "random_forest": {
      "accuracy": 0.7666666666666667,
      "precision": 0.0,
      "recall": 0.0,
      "f1_score": 0.0,
      "roc_auc": 0.3354037267080745,
      "pr_auc": 0.19521161269144294
    },
    "gradient_boosting": {
      "accuracy": 0.6,
      "precision": 0.14285714285714285,
      "recall": 0.14285714285714285,
      "f1_score": 0.14285714285714285,
      "roc_auc": 0.2437888198757764,
      "pr_auc": 0.17492727887319265
    }
  },
  "winner": "random_forest"
}